{
  "instance": {
    "S0": 40.0,
    "K": 40.0,
    "T": 1.0,
    "sigma": 0.4,
    "r": 0.06,
    "measure": "risk-neutral"
  },
  "lattice": {
    "n_steps": 50,
    "u": 1.0581991439239848,
    "d": 0.9450017095003759,
    "p": 0.4964689444939344,
    "dt": 0.02
  },
  "v_star": 5.302775496811221,
  "european_put": 5.028607813366997,
  "early_exercise_premium": 0.27416768344422415,
  "boundary_Sstar": [
    null,
    null,
    null,
    null,
    null,
    null,
    null,
    null,
    25.44021307825831,
    24.04104484900792,
    25.44021307825831,
    24.04104484900792,
    25.440213078258306,
    24.041044849007914,
    25.440213078258303,
    24.041044849007918,
    25.440213078258306,
    24.04104484900792,
    25.440213078258303,
    24.041044849007918,
    25.440213078258303,
    24.041044849007914,
    25.440213078258303,
    26.9208117006567,
    25.4402130782583,
    26.920811700656696,
    25.4402130782583,
    26.920811700656696,
    25.4402130782583,
    26.920811700656696,
    25.4402130782583,
    26.920811700656696,
    28.48757989537371,
    26.920811700656696,
    28.48757989537371,
    26.920811700656696,
    28.487579895373706,
    26.920811700656692,
    28.48757989537371,
    30.145532657750575,
    28.4875798953737,
    30.145532657750575,
    28.487579895373706,
    30.14553265775057,
    31.899976851564187,
    30.145532657750575,
    31.899976851564183,
    33.756528195520154,
    35.72112923834528,
    37.800068380015006,
    40.0
  ],
  "optimal_policy_mc_price": 5.269249296999172,
  "optimal_policy_mc_stderr": 0.07896993961244406,
  "n_train": 2000,
  "n_eval": 5000
}